{"templates":["37eee419855289a2d94453a87ef01cc4c988beb0"],"oligo":{"based_on":"monomer","res_to_mdl":401,"state":"monomer","state_bu":"monomer","qs_prediction":"0.000","qs_conserved":"not conserved","chains_to_mdl":1,"state_tpl":"monomer"},"gdt_ha":null,"pred_lddt":0.3880000114,"gdt_ts":null,"chain_subprj_list":null,"creation_date":"2018-12-05","ligands":[{"description":"PHOSPHATE ION","number":"1","reason":{"sterically_valid":false,"conserved_residues":false,"relevant":false,"bound":true},"included":false,"model_binding_residues":[],"name":["PO4"]}],"modified_template":false,"plip":{},"residue_range":[{"chain_name":"A","residue_from":"37","residue_to":"482"}],"lddt_ca":null,"mod_engine":"PROMOD3","lddt":null}