{"templates":["70d5bccddb55896dcce794746919a1c1cfd1f394"],"oligo":{"based_on":"prediction","res_to_mdl":399,"state":"monomer","state_bu":"homo-dimer","qs_prediction":"0.009","qs_conserved":"not conserved","chains_to_mdl":1,"state_tpl":"homo-dimer"},"gdt_ha":null,"pred_lddt":0.423999995,"gdt_ts":null,"chain_subprj_list":null,"creation_date":"2018-12-05","ligands":[],"modified_template":false,"plip":{},"residue_range":[{"chain_name":"A","residue_from":"40","residue_to":"480"}],"lddt_ca":null,"mod_engine":"PROMOD3","lddt":null}