{"templates":["6136a1a55f74bb65a452712ffcf6adcdd58ffd08"],"oligo":{"based_on":"monomer","res_to_mdl":354,"state":"monomer","state_bu":"monomer","qs_prediction":"0.000","qs_conserved":"not conserved","chains_to_mdl":1,"state_tpl":"monomer"},"gdt_ha":null,"pred_lddt":0.4399999976,"gdt_ts":null,"chain_subprj_list":null,"creation_date":"2018-11-27","ligands":[{"description":"(2R)-2,3-dihydroxypropyl (9Z)-octadec-9-enoate","number":"1","reason":{"sterically_valid":false,"conserved_residues":false,"relevant":true,"bound":true},"included":false,"model_binding_residues":[],"name":["OLC"]},{"description":"(2R)-2,3-dihydroxypropyl (9Z)-octadec-9-enoate","number":"2","reason":{"sterically_valid":false,"conserved_residues":false,"relevant":true,"bound":true},"included":false,"model_binding_residues":[],"name":["OLC"]},{"description":"(2R)-2,3-dihydroxypropyl (9Z)-octadec-9-enoate","number":"3","reason":{"sterically_valid":false,"conserved_residues":false,"relevant":true,"bound":true},"included":false,"model_binding_residues":[],"name":["OLC"]},{"description":"ALPHA-D-GLUCOSE","number":"4","reason":{"sterically_valid":false,"conserved_residues":false,"relevant":true,"bound":true},"included":false,"model_binding_residues":[],"name":["GLC"]},{"description":"BETA-D-GLUCOSE","number":"5","reason":{"sterically_valid":false,"conserved_residues":false,"relevant":true,"bound":true},"included":false,"model_binding_residues":[],"name":["BGC"]}],"modified_template":false,"plip":{},"residue_range":[{"chain_name":"A","residue_from":"35","residue_to":"401"}],"lddt_ca":null,"mod_engine":"PROMOD3","lddt":null}