{"templates":["43898ba916943a2622166da7306b21cb46ee8f46"],"oligo":{"based_on":"monomer","res_to_mdl":367,"state":"monomer","state_bu":"monomer","qs_prediction":"0.000","qs_conserved":"not conserved","chains_to_mdl":1,"state_tpl":"monomer"},"gdt_ha":null,"pred_lddt":0.4149999917,"gdt_ts":null,"chain_subprj_list":null,"creation_date":"2018-12-05","ligands":[{"description":"SULFATE ION","number":"1","reason":{"sterically_valid":false,"conserved_residues":false,"relevant":false,"bound":true},"included":false,"model_binding_residues":[],"name":["SO4"]},{"description":"SULFATE ION","number":"2","reason":{"sterically_valid":false,"conserved_residues":false,"relevant":false,"bound":true},"included":false,"model_binding_residues":[],"name":["SO4"]},{"description":"SULFATE ION","number":"3","reason":{"sterically_valid":false,"conserved_residues":false,"relevant":false,"bound":true},"included":false,"model_binding_residues":[],"name":["SO4"]},{"description":"SULFATE ION","number":"4","reason":{"sterically_valid":false,"conserved_residues":false,"relevant":false,"bound":true},"included":false,"model_binding_residues":[],"name":["SO4"]},{"description":"OLEIC ACID","number":"5","reason":{"sterically_valid":false,"conserved_residues":false,"relevant":true,"bound":true},"included":false,"model_binding_residues":[],"name":["OLA"]},{"description":"OLEIC ACID","number":"6","reason":{"sterically_valid":false,"conserved_residues":false,"relevant":true,"bound":true},"included":false,"model_binding_residues":[],"name":["OLA"]},{"description":"OLEIC ACID","number":"7","reason":{"sterically_valid":false,"conserved_residues":false,"relevant":true,"bound":true},"included":false,"model_binding_residues":[],"name":["OLA"]},{"description":"OLEIC ACID","number":"8","reason":{"sterically_valid":false,"conserved_residues":false,"relevant":true,"bound":true},"included":false,"model_binding_residues":[],"name":["OLA"]},{"description":"OLEIC ACID","number":"9","reason":{"sterically_valid":false,"conserved_residues":false,"relevant":true,"bound":true},"included":false,"model_binding_residues":[],"name":["OLA"]},{"description":"OLEIC ACID","number":"10","reason":{"sterically_valid":false,"conserved_residues":false,"relevant":true,"bound":true},"included":false,"model_binding_residues":[],"name":["OLA"]},{"description":"OLEIC ACID","number":"11","reason":{"sterically_valid":false,"conserved_residues":false,"relevant":true,"bound":true},"included":false,"model_binding_residues":[],"name":["OLA"]},{"description":"(2S)-2,3-DIHYDROXYPROPYL (9Z)-OCTADEC-9-ENOATE","number":"12","reason":{"sterically_valid":false,"conserved_residues":false,"relevant":true,"bound":true},"included":false,"model_binding_residues":[],"name":["OLB"]},{"description":"TETRAETHYLENE GLYCOL","number":"13","reason":{"sterically_valid":false,"conserved_residues":false,"relevant":false,"bound":true},"included":false,"model_binding_residues":[],"name":["PG4"]}],"modified_template":false,"plip":{},"residue_range":[{"chain_name":"A","residue_from":"104","residue_to":"481"}],"lddt_ca":null,"mod_engine":"PROMOD3","lddt":null}