{"templates":["ba4896de991d68db42bdb1dbbd4f0f0283cebbbc"],"oligo":{"based_on":"monomer","res_to_mdl":354,"state":"monomer","state_bu":"monomer","qs_prediction":"0.000","qs_conserved":"not conserved","chains_to_mdl":1,"state_tpl":"monomer"},"gdt_ha":null,"pred_lddt":0.4469999969,"gdt_ts":null,"chain_subprj_list":null,"creation_date":"2018-11-27","ligands":[],"modified_template":false,"plip":{},"residue_range":[{"chain_name":"A","residue_from":"35","residue_to":"405"}],"lddt_ca":null,"mod_engine":"PROMOD3","lddt":null}